<?xml version="1.0" encoding="UTF-8"?>
<!--
  ~  ~~~~~~~~~~~~~~~~~~~~~~~~~~~~~~~~~~~~~~~~~~~~~~~~~~~~~~~~~~~~~~~~~~~~~~~~~~
  ~
  ~   Copyright (c) 2016. Paytm - All Rights Reserved.
  ~
  ~      - Unauthorized copying of this file, via any medium is strictly prohibited.
  ~      - This file is Proprietary and Confidential.
  ~
  ~ ~~~~~~~~~~~~~~~~~~~~~~~~~~~~~~~~~~~~~~~~~~~~~~~~~~~~~~~~~~~~~~~~~~~~~~~~~~
  -->

<Configuration xmlns="http://logging.apache.org/log4j/2.0/config" monitorInterval="30">
    <!-- Don't forget to set system property -DLog4jContextSelector=org.apache.logging.log4j.core.async.LoggerContextSelector
        to make all loggers asynchronous. -->
    <Properties>
        <Property name="logpath-location">/paytm/logs</Property>
        <Property name="logfile-name">apirisk.log</Property>
        <Property name="archive">${logpath-location}/archive/apirisk</Property>
    </Properties>

    <Appenders>
        <Console name="Console">
            <PatternLayout
                    pattern="%d{yyyy-MM-dd HH:mm:ss,SSS} [%t] %-5p %c.%M():%L %X - %m%n"/>
        </Console>

        <RollingFile name="RollingFileAppender" fileName="${logpath-location}/${logfile-name}"
                     filePattern="${archive}/${logfile-name}.%d{yyyy-MM-dd-HH}.gz">
            <PatternLayout
                    pattern="%d{yyyy-MM-dd HH:mm:ss,SSS} [%t] %-5p %c.%M():%L %X - %m%n"/>
            <Policies>
                <TimeBasedTriggeringPolicy/>
            </Policies>
        </RollingFile>
        
    </Appenders>
    <Loggers>
        <!-- Paytm application logger -->
        <Logger name="com.paytm.pgplus" level="DEBUG" includeLocation="true" additivity="false">
            <AppenderRef ref="Console" level="ERROR"/>
            <AppenderRef ref="RollingFileAppender" level="DEBUG"/>
        </Logger>

        <!-- Root logger -->
        <Root level="DEBUG" includeLocation="true">
            <AppenderRef ref="Console" level="INFO"/>
            <AppenderRef ref="RollingFileAppender" level="DEBUG"/>
        </Root>
    </Loggers>
</Configuration>
