<?xml  version="1.0" encoding="UTF-8"?>
<beans:beans xmlns="http://www.springframework.org/schema/beans"
             xmlns:xsi="http://www.w3.org/2001/XMLSchema-instance"
             xmlns:context="http://www.springframework.org/schema/context"
             xmlns:beans="http://www.springframework.org/schema/beans"
             xsi:schemaLocation="http://www.springframework.org/schema/beans http://www.springframework.org/schema/beans/spring-beans.xsd
                           http://www.springframework.org/schema/context http://www.springframework.org/schema/context/spring-context.xsd



                           http://www.springframework.org/schema/beans http://www.springframework.org/schema/beans/spring-beans.xsd">


    <context:property-placeholder location="file:///etc/appconf/persistence-context.properties"
                                  ignore-unresolvable="true"/>
    <context:property-placeholder location="file:///etc/appconf/project/dbconfig.properties"
                                  ignore-unresolvable="true"/>

    <!-- Hibernate Configuration -->

    <beans:bean id="masterConfig" class="com.zaxxer.hikari.HikariConfig">
        <beans:property name="driverClassName">
            <beans:value>${jdbc.driverClassName}</beans:value>
        </beans:property>
        <beans:property name="jdbcUrl">
            <beans:value>${barfi.master.jdbc.url}</beans:value>
        </beans:property>
        <beans:property name="username">
            <beans:value>${barfi.master.jdbc.user}</beans:value>
        </beans:property>
        <beans:property name="password">
            <beans:value>${barfi.master.jdbc.pass}</beans:value>
        </beans:property>
        <beans:property name="minimumIdle">
            <beans:value>${jdbc.master.minPoolSize}</beans:value>
        </beans:property>
        <beans:property name="maximumPoolSize">
            <beans:value>${jdbc.master.maxPoolSize}</beans:value>
        </beans:property>
        <beans:property name="connectionTimeout" value="5000"/>

        <beans:property name="leakDetectionThreshold">
            <beans:value>${jdbc.master.leakDetectionTimeOut}</beans:value>
        </beans:property>
        <beans:property name="maxLifetime">
            <beans:value>${jdbc.master.maxAgeTime}</beans:value>
        </beans:property>
        <beans:property name="idleTimeout">
            <beans:value>${jdbc.master.maxIdleTime}</beans:value>
        </beans:property>
    </beans:bean>

    <beans:bean id="masterDataSource" destroy-method="close" class="com.zaxxer.hikari.HikariDataSource">
        <beans:constructor-arg ref="masterConfig"/>
    </beans:bean>

    <beans:bean id="slaveConfig" class="com.zaxxer.hikari.HikariConfig">
        <beans:property name="driverClassName">
            <beans:value>${jdbc.driverClassName}</beans:value>
        </beans:property>
        <beans:property name="jdbcUrl">
            <beans:value>${barfi.slave.jdbc.url}</beans:value>
        </beans:property>
        <beans:property name="username">
            <beans:value>${barfi.slave.jdbc.user}</beans:value>
        </beans:property>
        <beans:property name="password">
            <beans:value>${barfi.slave.jdbc.pass}</beans:value>
        </beans:property>
        <beans:property name="minimumIdle">
            <beans:value>${jdbc.slave.minPoolSize}</beans:value>
        </beans:property>
        <beans:property name="maximumPoolSize">
            <beans:value>${jdbc.slave.maxPoolSize}</beans:value>
        </beans:property>
        <beans:property name="connectionTimeout" value="5000"/>

        <beans:property name="leakDetectionThreshold">
            <beans:value>${jdbc.slave.leakDetectionTimeOut}</beans:value>
        </beans:property>
        <beans:property name="maxLifetime">
            <beans:value>${jdbc.slave.maxAgeTime}</beans:value>
        </beans:property>
        <beans:property name="idleTimeout">
            <beans:value>${jdbc.slave.maxIdleTime}</beans:value>
        </beans:property>
    </beans:bean>


    <beans:bean id="slaveDataSource" destroy-method="close" class="com.zaxxer.hikari.HikariDataSource">
        <beans:constructor-arg ref="slaveConfig"/>
    </beans:bean>

    <beans:bean id="sessionFactory"
                class="org.springframework.orm.hibernate5.LocalSessionFactoryBean">
        <beans:property name="dataSource" ref="masterDataSource"/>
        <beans:property name="packagesToScan">
            <beans:array>
                <beans:value>com.paytm.pgplus.barfi.model</beans:value>
            </beans:array>
        </beans:property>
        <beans:property name="hibernateProperties">
            <beans:props>
                <beans:prop key="hibernate.dialect">org.hibernate.dialect.MySQLDialect</beans:prop>
                <beans:prop key="hibernate.show_sql">false</beans:prop>
                <beans:prop key="hibernate.connection.zeroDateTimeBehavior">convertToNull</beans:prop>
                <beans:prop key="hibernate.auto_close_session">true</beans:prop>
                <beans:prop key="hibernate.c3p0.timeout">20</beans:prop>
            </beans:props>
        </beans:property>
    </beans:bean>

    <beans:bean id="slaveSessionFactory"
                class="org.springframework.orm.hibernate5.LocalSessionFactoryBean">
        <beans:property name="dataSource" ref="slaveDataSource"/>
        <beans:property name="packagesToScan">
            <beans:array>
                <beans:value>com.paytm.pgplus.barfi.model</beans:value>
            </beans:array>
        </beans:property>

        <beans:property name="hibernateProperties">
            <beans:props>
                <beans:prop key="hibernate.dialect">org.hibernate.dialect.MySQLDialect</beans:prop>
                <beans:prop key="hibernate.show_sql">false</beans:prop>
                <beans:prop key="hibernate.connection.zeroDateTimeBehavior">convertToNull</beans:prop>
                <beans:prop key="hibernate.auto_close_session">true</beans:prop>
                <beans:prop key="hibernate.c3p0.timeout">20</beans:prop>
            </beans:props>
        </beans:property>
    </beans:bean>
    <beans:bean id="transactionManager"
                class="org.springframework.orm.hibernate5.HibernateTransactionManager">
        <beans:property name="sessionFactory" ref="sessionFactory"/>
    </beans:bean>

    <beans:bean id="slaveTransactionManager"
                class="org.springframework.orm.hibernate5.HibernateTransactionManager">
        <beans:property name="sessionFactory" ref="slaveSessionFactory"/>
    </beans:bean>
</beans:beans>