<?xml version="1.0" encoding="UTF-8"?>
<Configuration status="WARN">

  <Properties>
    <Property name="logpath-location">/paytm/logs</Property>
    <Property name="logfile-name">${sys:SchedulerName}_scheduler.log</Property>
    <Property name="statistics-logfile-name">${sys:SchedulerName}_statistics.log</Property>
    <Property name="archive">${logpath-location}/archive/scheduler-logs</Property>
    <Property name="facade-logfile-name">${sys:SchedulerName}_facade.log</Property>
    <Property name="redis-metrics-logfile-name">redis-metrics.log</Property>
    <Property name="redis-metrics-archive">${logpath-location}/archive/redis-metrics</Property>
    <Property name="interval">10</Property>
    <Property name="redis-metrics-logfile-name">redis-metrics.log</Property>
    <Property name="redis-metrics-archive">${logpath-location}/archive/redis-metrics</Property>
  </Properties>



  <Appenders>
    <RollingFile name="RollingFile" fileName="/paytm/logs/barfi.log" filePattern="/paytm/logs/archive/barfi/barfi.log.%d{yyyy-MM-dd}.gz">
      <PatternLayout  pattern="%d{yyyy-MM-dd HH:mm:ss,SSS} [%t] %-5p %c.%M():%L %X - %m%n"/>
      <Policies>
        <TimeBasedTriggeringPolicy interval = "1"/>
      </Policies>
      <DefaultRolloverStrategy max="1"/>
    </RollingFile>

    <RollingFile name="FacadeRollingFile" fileName="/paytm/logs/facade-barfi.log" filePattern="/paytm/logs/archive/barfi/facade-barfi.log.%d{yyyy-MM-dd}.gz">
      <PatternLayout  pattern="%d{yyyy-MM-dd HH:mm:ss,SSS} [%t] %-5p %c.%M():%L %X - %m%n"/>
      <Policies>
        <TimeBasedTriggeringPolicy interval = "1"/>
      </Policies>
      <DefaultRolloverStrategy max="1"/>
    </RollingFile>
    
    <RollingFile name="DailyReport" fileName="/paytm/logs/barfi_statistics.log" filePattern="/paytm/logs/archive/barfi_statistics/barfi_statistics.log.%d{yyyy-MM-dd}">
      <PatternLayout  pattern="%msg%n"/>
      <Policies>
        <TimeBasedTriggeringPolicy interval = "1"/>
      </Policies>
      <DefaultRolloverStrategy max="1"/>
    </RollingFile>

    <RollingFile name="RedisMetricsAppender" fileName="${logpath-location}/${redis-metrics-logfile-name}"
                 filePattern="${redis-metrics-archive}/${redis-metrics-logfile-name}.%d{yyyy-MM-dd-HH-mm}.gz">
      <PatternLayout
              pattern="%d{yyyy-MM-dd HH:mm:ss,SSS} [%t] %-5p %c.%M():%L %X - %m%n" />
      <TimeBasedTriggeringPolicy interval = "${interval}" modulate="true" ></TimeBasedTriggeringPolicy>
    </RollingFile>
    
    <Console name="Console" target="SYSTEM_OUT">
      <PatternLayout  pattern="%d{yyyy-MM-dd HH:mm:ss,SSS} [%t] %-5p %c.%M():%L %X - %m%n"/>
    </Console>
  </Appenders>
  <Loggers>
    <Logger name="com.paytm.pgplus.facade" additivity="false" includeLocation="true">
      <appender-ref ref="FacadeRollingFile" level="INFO"/>
    </Logger>
      <Logger name="com.paytm.pgplus" additivity="false" includeLocation="true">
      <appender-ref ref="RollingFile" level="INFO"/>
    </Logger>
    <Logger name="com.paytm.pgplus.barfi.report.DailyReportGenerator" additivity="false" includeLocation="true">
      <appender-ref ref="DailyReport" level="INFO"/>
    </Logger>
    <Root level="INFO">
      <AppenderRef ref="RollingFile"/>
    </Root>

    <!-- Please do not change logger name. Its is used by bridge -->
    <Logger name="REDIS_CLUSTER_OPERATION_METRICS" level="INFO" includeLocation="true" additivity="false">
      <AppenderRef ref="RedisMetricsAppender" level="INFO"/>
    </Logger>
  </Loggers>


</Configuration>