<?xml  version="1.0" encoding="UTF-8"?>
<beans xmlns="http://www.springframework.org/schema/beans"

	   xmlns:beans="http://www.springframework.org/schema/beans"
	xmlns:xsi="http://www.w3.org/2001/XMLSchema-instance" xmlns:context="http://www.springframework.org/schema/context"
	xmlns:mvc="http://www.springframework.org/schema/mvc" xmlns:aop="http://www.springframework.org/schema/aop"
	xsi:schemaLocation="http://www.springframework.org/schema/beans http://www.springframework.org/schema/beans/spring-beans.xsd
http://www.springframework.org/schema/context http://www.springframework.org/schema/context/spring-context.xsd
http://www.springframework.org/schema/mvc http://www.springframework.org/schema/mvc/spring-mvc.xsd
http://www.springframework.org/schema/aop 
http://www.springframework.org/schema/aop/spring-aop.xsd ">

	<context:annotation-config />
	<context:component-scan base-package="com.paytm.pgplus,com.paytm.pgplus.facade,com.paytm.pgplus.http.client,com.paytm.pgplus.httpclient" />
	<beans:import resource="classpath:vault-integration.xml" />
	<import resource="classpath:RabbitmqBaseContext.xml" />
	<import resource="hibernate_cfg.xml" />
	<import resource="classpath:spring/httpClientContext.xml"/>

	<bean id="clientProperties" class="org.springframework.beans.factory.config.PropertiesFactoryBean">
		<property name="location">
			<value>classpath:http-service.properties</value>
		</property>
	</bean>
	<bean id="applicationContextProvider" class="com.paytm.pgplus.barfi.util.ApplicationContextProvider"
		autowire="default" />

</beans>